vendor_name,median_vendor_price
"""654 Michal Nock",33.44
"""am NO",53.92
(Ce,1.0
* Tel:+(252)281-4520,52.4
", Tel:+(163)871-5490",48.64
05200 Klein Wells,3.99
143 Tracey Squares Suite 230,14.91
1984 Christopher Orchard Suite 660,53.62
206 Ngee Springs Ar 644,86.83
24 Sth Vista Suite 082,29.05
25107 Melanie Proughway,30.15
2512 Huffman orks Suite 870,78.79
25259 Nelson Oval,21.65
285 Xavier Run,39.94
28677 Jeremiah Burg,295.26
2903 Karen Walk Suite 806,36.14
293 April Islands,9.3
299 Willams Cove,95.56
3,37.37
309 Rachel Trafficway Apt. 057,44.19
3513 Elizabeth Glens,35.04
362 Greene Ways Apt. 498,89.7
43182 Daniel Turnpike,39.18
4424 Gardner Route,33.52
449 Roberson Valleys,49.35
46968 Ronald Mall Suite 968,39.71
4s00 Gree Feld,28.84
520 Same! Pains,61.82
531 Smith Spur Suite 209,97.09
546 Allison Green Suite 444,51.58
54988 Glass Stream,26.5
554 Vaughan Forges Apt 562,4.99
5637 Jessica Expressway Apt. 129,91.54
58277 Angela Land Apt. 072,42.52
597 Stone Stream Suite 690,44.66
6100 Scott Street Suite 169,90.74
61040 Williamson Crossroad,84.91
6386 Taylor Rapids Apt. 87,45.39
6408 Beard Gardon,0.99
669 Christian Ferry,13.76
72224 Ana Cliff,39.49
74443 Smith Parkways,33.05
799 Chelsea Corner Apt. 411,17.6
831 Teresa Neck,6.63
8389 Lyons Wall Sulte 224,13.38
8402 Daryl Centers,68.31
8539 Katelyn Spring Suite 580,90.54
8640 Smith Square Apt. 450,74.32
867 Chavez Crescent Apt. 920,87.75
8747 Laura arbor Suite 242,31.46
8784 Alexander Tunnel Apt. 762,42.08
882 Cline Courts,22.54
92739 Diana Light,86.33
9382 Shaw Radial,25.36
"9561 Kimberly Ridge Suite 878,",62.84
9578 Sullivan Way Apt. 557,38.2
9678 Pierce Ports,23.95
9833 Ashley Port Apt. 906,67.71
9940 Dudley Underpass Suite 087,94.74
996 Shawn Mall,22.7
=,118.4
= Tel:+(526)241-9073,27.27
= ‘Tel:+(376)510-1679,38.09
=) UJ,58.23
=) a,4.0
A Date: 02-Apr-2012,569.48
A Date: 02-Feb-2002,649.89
A Date: 02-Oct-2015,916.37
A Date: 04-Aug-2020,553.73
A Date: 05-Feb-1994,420.43
A Date: 06-Nov-2013,444.69
A Date: 06-Oct-2018,851.9
A Date: 09-Feb-2019,105.0
A Date: 11-Nov-2022,1000.65
A Date: 17-Apr-2018,700.09
A Date: 22-Oct-1998.,692.89
A Date: 23-Oct-2003,421.09
A Date: 25-Dec-1997,8.0
A Date: 30-Oct-1994,72.87
A Invoice Date: 01-Mar-2005,6.39
A Invoice Date: 01-May-2007,1014.43
A Invoice Date: 03-Mar-2006,195.85
A Invoice Date: 04-Sep-2018,339.64
A Invoice Date: 05-Nov-2017,693.7
A Invoice Date: 07-Aug-2010,575.51
A Invoice Date: 08-Feb-2007,1162.34
A Invoice Date: 08-Nov-2015,505.53
A Invoice Date: 10-Dec-2018,435.25
A Invoice Date: 11-May-2016,916.85
A Invoice Date: 13-Aug-2018,684.12
A Invoice Date: 13-Jul-2010,73.0
A Invoice Date: 13-Jun-2013,262.78
A Invoice Date: 15-Sep-2002,424.6
A Invoice Date: 16-Jul-2017,719.48
A Invoice Date: 17-Feb-1998,471.28
A Invoice Date: 19-Jan-2016,6.3
A Invoice Date: 20-Jan-2017,236.47
A Invoice Date: 23-Sep-2000,324.6
A Invoice Date: 23-Sep-2018,545.17
A Invoice Date: 24-Nov-2010,515.11
A Invoice Date: 25-Aug-2018,706.63
A Invoice Date: 25-Oct-2001,124.37
A Invoice Date: 26-May-2011,643.6
A Invoice Date: 27-Dec-2019,173.04
A Invoice Date: 30-Dec-2001,228.9
Address: Wille Shores Suite 358 SE ve Oe,29.38
Address: Wille Shores Suite 358 TASC,42.5
Address: Wille Shores Suite 358 TOLSMONSNAORIE,82.64
Address: Wille Shores Suite 358 TaLSOQO}T6SE73 ;,90.83
Address: Wille Shores Suite 358 TaLsinesie72t68,86.45
Address: Wille Shores Suite 358 Tal sane) s00 0173,25.63
Address: Wille Shores Suite 358 Tals 30)597 2428,7.88
Address: Wille Shores Suite 358 Tals t4s)stS 2108 ;,11.44
Address: Wille Shores Suite 358 Tals074) 482044,95.78
Address: Wille Shores Suite 358 TalsS7O)TSS248,85.81
Address: Wille Shores Suite 358 Talsadgisne sons .,64.37
Address: Wille Shores Suite 358 Talsioan)st7 20m,34.2
Address: Wille Shores Suite 358 Tals} 1003408,54.76
Address: Wille Shores Suite 358 Tal{OS6) 2022008,70.79
Address: Wille Shores Suite 358 Tas027)267 2013 :,86.87
Address: Wille Shores Suite 358 TasA08)5977708,93.76
Address: Wille Shores Suite 358 Tascasjent 08,74.14
Address: Wille Shores Suite 358 Taser 7aNOtbs,37.72
Address: Wille Shores Suite 358 Taso4n)snt-774 ;,53.14
Address: Wille Shores Suite 358 Tassaao)sas 1048,34.24
Address: Wille Shores Suite 358 Tats raO}aeeasTe,60.39
Address: Wille Shores Suite 358 Tatsie7iooz2243,4.15
Address: Wille Shores Suite 358 Te OTTO,59.72
Address: Wille Shores Suite 358 TeLS(AS}eSS AHS,80.52
Address: Wille Shores Suite 358 TeLsireasheaTy,63.65
Address: Wille Shores Suite 358 Teens,14.25
Address: Wille Shores Suite 358 Tel so7s one 1048 ;,69.29
Address: Wille Shores Suite 358 Tels ANTiSR2-0R7,37.21
Address: Wille Shores Suite 358 Tels Renyatose,25.24
Address: Wille Shores Suite 358 Telsieszyavi gta,77.3
Address: Wille Shores Suite 358 Tersieaainascare,52.92
Address: Wille Shores Suite 358 TetSeeei2no ter,28.83
Address: Wille Shores Suite 358 Teti0Deeas A767,53.24
Address: Wille Shores Suite 358 Tets(a@tiese e708,35.22
Address: Wille Shores Suite 358 TetsPES)TS2 2808,7.8
Address: Wille Shores Suite 358 Tetsaez erste ;,77.73
Address: Wille Shores Suite 358 Tets{nesieee Tone,60.42
Address: Wille Shores Suite 358 aie,60.89
Address: Wille Shores Suite 358 ean ee,23.77
Address: Wille Shores Suite 358 ee a,1.7
Address:4894 Melanie Pass Apt. 742,0.0
Address:6030 Willie Shores Suite 354 Aens(GS5) 125-0528,14.72
Address:6030 Willie Shores Suite 354 Barbe abaeibeed .,28.73
Address:6030 Willie Shores Suite 354 Earache,15.16
Address:6030 Willie Shores Suite 354 Kets s(807}056-1140,5.56
Address:6030 Willie Shores Suite 354 Lat s(GSS)04e 6008,46.67
Address:6030 Willie Shores Suite 354 LatsstAOe) ane 4224,21.72
Address:6030 Willie Shores Suite 354 Len SOE EUT- S864,66.93
Address:6030 Willie Shores Suite 354 Letis(076)0S9-1428,38.81
Address:6030 Willie Shores Suite 354 Letis{ 7070510678,17.13
Address:6030 Willie Shores Suite 354 Lhe os,44.9
Address:6030 Willie Shores Suite 354 Tals s(440)890;2527,17.91
"Address:6030 Willie Shores Suite 354 Tebis(OS0 HS 5547,",91.43
Address:6030 Willie Shores Suite 354 Tel:+{812)391-8767,4.1
Address:6030 Willie Shores Suite 354 Tels 405 1639-0073,65.81
"Address:6030 Willie Shores Suite 354 Tots assjesu:6i04 ,",99.81
"Address:6030 Willie Shores Suite 354 Tots o6syre7 26, ,",39.7
Address:6030 Willie Shores Suite 354 Ua oll Aenea,42.87
Address:6030 Willie Shores Suite 354 dais (S228e 5778,78.53
Address:6030 Willie Shores Suite 354 dati s(87 141 296,83.34
Address:6030 Willie Shores Suite 354 dati s(G06)o9e 9802,4.12
Address:6030 Willie Shores Suite 354 datis(s79)}454/3002,74.6
Address:6030 Willie Shores Suite 354 de s(1S0)839 0179,21.98
Address:6030 Willie Shores Suite 354 de stes/b21-2 388,97.6
Address:6030 Willie Shores Suite 354 debi s(S00)398-1352,65.35
Address:6030 Willie Shores Suite 354 debs(/a}efeset8,87.2
Address:6030 Willie Shores Suite 354 dees ((S0) 114 0221,58.87
Address:6030 Willie Shores Suite 354 dekis(08e 603-6273,99.2
Address:6030 Willie Shores Suite 354 dekis(15/)152-0979.,65.81
Address:6030 Willie Shores Suite 354 dekss(896)(40-1067,71.32
Address:6030 Willie Shores Suite 354 dels s(040) 192 S519,59.49
Address:6030 Willie Shores Suite 354 den (HES4e-r13,42.1
Address:6030 Willie Shores Suite 354 detis(? Zo) S052,85.82
Address:6030 Willie Shores Suite 354 detrs{a60)299-5089,22.8
BIS.,220.75
BSS,440.145
Ba.,466.425
Bil t:Marus Dunlap,17.73
Bil to:Brian Barber,33.02
Bil to:Caitin Cook,58.73
Bil to:Christine Beasley,55.09
Bil to:Daniel Bruce,83.04
Bil to:Daniel Cruz,47.69
Bil to:Denise Cooper,26.26
Bil to:Felicia Wise,6.0
Bil to:Jordan Wiliams,64.03
Bil to:Kimberly Cruz,65.81
Bil to:Kimberly Kent,34.15
Bil to:Melissa Perez,2.05
Bil to:Ralph Hernandez,2.38
Bil to:Robert Swanson,17.28
Bil to:Samantha Rodriguez,66.78
Bil to:Summer Davis,39.07
Bil to:Victoria Herrera,36.01
Bil to:Yvonne Garza,94.47
Bil to;Richard Riggs,58.32
Bil toathaiel Jackson,4.06
Bil toatl Philips,30.56
Bil toil Spears,65.62
Bil tors. Amanda Lewis,69.91
Bil toxett Fox,82.37
Bill o:Ronald Jordan,93.57
Bill t-Tanya Herman,20.66
Bill t:Kelsey Boyd,67.3
Bill t:Patrick Gonzalez,41.42
Bill to:Alejandra Bush,12.86
Bill to:Amanda Morris.,9.73
Bill to:Amanda Washington,59.48
Bill to:Andrew Murphy,56.27
Bill to:Angela Romero,89.27
Bill to:Antonio Duran,926.63
Bill to:Becky Tran,89.97
Bill to:Botinda Hays,47.72
Bill to:Brenda Brown,60.57
Bill to:Brittany Mecormick,4.0
Bill to:Bryan Garcia,85.18
Bill to:Bryan Jordan,80.46
Bill to:Christopher Kelly,27.58
Bill to:Craig Dougherty,34.61
Bill to:Dana Gomez,78.46
Bill to:Daniel Terry,17.55
Bill to:David Manning,82.93
Bill to:Diane Fry,46.88
Bill to:Erica Norton,65.84
Bill to:Gabriel Rojas,43.5
Bill to:Holly Novak,74.54
Bill to:James Wade,74.85
Bill to:Jesus Watts,77.48
Bill to:Jordan Harvey,30.53
Bill to:Joseph Frederick,37.75
Bill to:Justin Cook,24.75
Bill to:Kevin Peck IV,74.73
Bill to:Leonard Perry,39.75
Bill to:Lisa Richardson,62.5
Bill to:Madison Ford,804.24
Bill to:Melinda Davis,76.78
Bill to:Melissa Horn,24.5
Bill to:Melissa Knox,42.09
Bill to:Michael Conley,68.37
Bill to:Michael Green,68.54
Bill to:Monique Garcia,8.93
Bill to:Nichole Guerrero,67.66
Bill to:Omar Washington,58.29
Bill to:Patrick Chase,77.96
Bill to:Rachel Davis,44.17
Bill to:Robert Combs,12.33
Bill to:Robin Thomas,36.84
Bill to:Ruben Ortiz,84.45
Bill to:Samantha Lam,84.08
Bill to:Sandra Miller,21.99
Bill to:Sarah Wilson,94.63
Bill to:Stephanie Miler,89.68
Bill to:Sue Smith,32.01
Bill to:Suzanne Hart,74.19
Bill to:Taylor Bridges,39.08
Bill to:sharon Russell,79.21
Bill to;Warren Hill,88.64
Bill to;Wesley Fields,65.54
Bill torJesse Duke,74.41
Bill torMr. Kenneth Wade,67.99
Bill tosJonathan Stanley,46.8
Bill toxJessica Goodwin,95.05
Bilton ether,13.98
Buyer :Adam Anthony,64.49
Buyer :Andrea Marquez,74.77
Buyer :Andrew Long,68.49
Buyer :Bethany Edwards,29.65
Buyer :Brenda Rodriguez,738.35
Buyer :Brian Logan,66.04
Buyer :Bryan Mckinney,5.0
Buyer :Caitin Carpenter,94.35
Buyer :Charles Bates,27.53
Buyer :Christopher Edwards,97.01
Buyer :Collin Bates,39.15
Buyer :Darrell Franco,17620.08
Buyer :David Jones,81.25
Buyer :David Lara,84.79
Buyer :Douglas Terry,34.31
Buyer :Frances Harrison,54.74
Buyer :Francisco Wallace,890.71
Buyer :Frank Stark,39.19
Buyer :Gabrielle Bush,55.52
Buyer :Heather Williams,47.16
Buyer :James Rowe,26.11
Buyer :James White,83.08
Buyer :Jason Bryan,86.98
Buyer :Jason Salazar,8.07
Buyer :Jodi Green,26.95
Buyer :Joe! Jones,58.06
Buyer :John Stewart,77.33
Buyer :Joseph Medonald,11.84
Buyer :Joshua Norman,65.58
Buyer :Kathleen Bell,87.7
Buyer :Kathryn Smith,42.74
Buyer :Katle Figueroa,87.73
Buyer :Kelly Harris.,10.78
Buyer :Kelly Matthews,75.28
Buyer :Kevin Bennett,14.15
Buyer :Kimberly Reese,75.38
Buyer :Lance Franco,58.8
Buyer :Leonard David,67.29
Buyer :Linda Gomez,62.05
Buyer :Lisa Cox,4.25
Buyer :Madison Moss,90.84
Buyer :Marcia Lowe,12.79
Buyer :Melissa Medaniel,51.38
Buyer :Michael Hodge,25.04
Buyer :Michael Johnson,22.32
Buyer :Michael Potts,40.93
Buyer :Mrs. Heather Davis,29.93
Buyer :Mrs. Michele Morris MD,12.55
Buyer :Nicholas Mendoza,83.43
Buyer :Nicole Kaufman,31.36
Buyer :Rachel Roberts,54.53
Buyer :Rebecca Davis,9690.08
Buyer :Robert Warren,13.51
Buyer :Robert Wilcox,76.36
Buyer :Sarah Hawkins,8.3
Buyer :Scott Potts,69.44
Buyer :Scott Ramirez,50.79
Buyer :Seth Wiggins,32.57
Buyer :Stephanie Sanders,30.76
Buyer :Steven Stephens,77.25
Buyer :Susan Boyd,25.02
Buyer :Susan Floyd,9.73
Buyer :Tracy Hansen,77.16
Buyer :Tyler Carey,52.47
Buyer :Victoria Vega,54.83
Buyer :atvn whitney,51.75
Buyer :helsea Reynolds,62.62
Buyer :kimberly Thompson,25.43
Buyer :kinber Nlson,23.49
Buyer :tzabeth Jones,50.04
Buyer Hannah Soto,28.11
Buyer James Grn,19.79
Buyer Johnathan Black,87.35
Buyer Jonnifer Nelson,99.75
Buyer Jose Roberton,63.88
Buyer Kristina Hall MD,65.63
Buyer Linda Johnson,62.5
Buyer Nancy Hale,57.5
Buyer Saran Hondcks,56.31
Buyer rie Young,84.38
Buyer ‘David Chase,24.23
Buyer ‘Nicole Lara,76.43
Buyer ‘Sarah Patel,7.51
Buyer ‘Sheryl Turner,54.93
Buyer ‘Teresa Mays,7.75
Buyer ‘Tina Spencer,65.05
Buyor :Danio Hal,65.86
COMMERCIAL INV,625.35
COMMERCIAL INVOICE,6.0
COMMERCIAL INVOICE / \ Invoice number INV66350451,65.05
COMMERCIAL INVOICE =Ay,6.12
COMMERCIAL INVOICE A,5.33
COMMERCIAL INVOICE A\,5.0
COMMERCIAL INVOICE EN,1153.18
COMMERCIAL INVOICE INVOICE # 1191-112,4.0
COMMERCIAL INVOICE INVOICE # 1291-048.,4.0
COMMERCIAL INVOICE INVOICE # 1Y5M9d-698,2.0
COMMERCIAL INVOICE INVOICE # 1Y9M4d-521,3.0
COMMERCIAL INVOICE INVOICE # 2921-838,5.0
COMMERCIAL INVOICE INVOICE # 3895-355,3.0
COMMERCIAL INVOICE INVOICE # 4Y1M1d-442_,6.0
COMMERCIAL INVOICE INVOICE # 4Y3M6d-390,3.0
COMMERCIAL INVOICE INVOICE # 4Y9M2d-046,5.0
COMMERCIAL INVOICE INVOICE # 5760-132,2.2
COMMERCIAL INVOICE INVOICE # 7941-242,2.0
COMMERCIAL INVOICE INVOICE # 8102-512,3.0
COMMERCIAL INVOICE INVOICE # INV/04-51/994,5.0
COMMERCIAL INVOICE INVOICE # INV/11-08/248,5.0
"COMMERCIAL INVOICE INVOICE # INV/21-16/745,",1.0
COMMERCIAL INVOICE INVOICE # INV/24-36/709,5.0
COMMERCIAL INVOICE INVOICE # INV/48-88/363,6.0
COMMERCIAL INVOICE INVOICE # INV/57-64/059,6.0
COMMERCIAL INVOICE INVOICE # INV/60-21/800,1.0
COMMERCIAL INVOICE INVOICE # INV/64-61/340,2.0
COMMERCIAL INVOICE INVOICE # INV/90-71/916,5.0
COMMERCIAL INVOICE INVOICE # INV41904123,4.0
COMMERCIAL INVOICE INVOICE # INV46238089,4.0
COMMERCIAL INVOICE INVOICE # INV52278483,2.0
COMMERCIAL INVOICE INVOICE # INV60214817,3.0
COMMERCIAL INVOICE INVOICE # INV67254217,4.0
COMMERCIAL INVOICE INVOICE # INV92089683,3.0
COMMERCIAL INVOICE INVOICE # INV92488177,2.0
COMMERCIAL INVOICE INVOICE # INV98140764,2.0
COMMERCIAL INVOICE INVOICE # INVO2560398,3.0
COMMERCIAL INVOICE INVOICE # SY3M6d-755,3.0
COMMERCIAL INVOICE INVOICE ID 1789-866,6.0
COMMERCIAL INVOICE INVOICE ID 2¥9M6d-860,5.0
COMMERCIAL INVOICE INVOICE ID 3¥6M7d-080,1.0
COMMERCIAL INVOICE INVOICE ID 3¥8M3d-843,2.0
COMMERCIAL INVOICE INVOICE ID 4050-655,6.0
COMMERCIAL INVOICE INVOICE ID 4Y1Mgd-541,2.0
COMMERCIAL INVOICE INVOICE ID 5631-673,2.0
COMMERCIAL INVOICE INVOICE ID 5Y8M2d-299,2.0
COMMERCIAL INVOICE INVOICE ID 6198-439,5.0
COMMERCIAL INVOICE INVOICE ID 6Y7M3d-987,2.0
COMMERCIAL INVOICE INVOICE ID 6Y8M5d-126,28.08
COMMERCIAL INVOICE INVOICE ID 7861-483,0.2
COMMERCIAL INVOICE INVOICE ID 8Y7M9d-972,4.0
COMMERCIAL INVOICE INVOICE ID INV/02-45/506.,6.0
COMMERCIAL INVOICE INVOICE ID INV/08-29/201,1.0
COMMERCIAL INVOICE INVOICE ID INV/29-55/617,1.0
COMMERCIAL INVOICE INVOICE ID INV/74-51/051,5.0
COMMERCIAL INVOICE INVOICE ID INV/76-78/987,4.0
"COMMERCIAL INVOICE INVOICE ID INV/90-82/585,",2.0
COMMERCIAL INVOICE INVOICE ID INV/99-48/366.,4.0
COMMERCIAL INVOICE INVOICE ID INV09272713,6.0
COMMERCIAL INVOICE INVOICE ID INV11860027,4.0
COMMERCIAL INVOICE INVOICE ID INV41971671,4.0
COMMERCIAL INVOICE INVOICE ID INV48684185_,2.0
COMMERCIAL INVOICE INVOICE ID INV96101885,279.59
COMMERCIAL INVOICE Invoice number 0630-012,5.0
"COMMERCIAL INVOICE Invoice number 2060-403,",13.02
COMMERCIAL INVOICE Invoice number 3666-902,4.0
COMMERCIAL INVOICE Invoice number 3834-851,1.0
COMMERCIAL INVOICE Invoice number 4Y7M4d-640,3.0
COMMERCIAL INVOICE Invoice number 4Y8M6d-902,5.0
COMMERCIAL INVOICE Invoice number 5390-376,5.0
COMMERCIAL INVOICE Invoice number 6Y 1M8d-878,4.0
COMMERCIAL INVOICE Invoice number 7¥2M7d-380,3.0
COMMERCIAL INVOICE Invoice number 9762-902,5.0
COMMERCIAL INVOICE Invoice number INV/16-28/776,4.0
COMMERCIAL INVOICE Invoice number INV/36-24/659,2.0
COMMERCIAL INVOICE Invoice number INV/89-73/753,8.2
COMMERCIAL INVOICE Invoice number INV/91-02/990,1.0
COMMERCIAL INVOICE Invoice number INV/96-35/446,3.0
COMMERCIAL INVOICE Invoice number INV22737871,6.0
COMMERCIAL INVOICE Invoice number INV30184981,1.0
COMMERCIAL INVOICE Invoice number INV32312838,4.0
COMMERCIAL INVOICE Invoice number INV86544300,6.0
COMMERCIAL INVOICE Invoice number INV94276954,6.0
COMMERCIAL INVOICE LN |,445.015
COMMERCIAL INVOICE n\,603.52
COMMERCIAL INVOICE ©,0.0
CS,4.0
Cree ene,5.0
"DO AEN TS, ee ea",395.5
"DO ATO, Baan ah Pom",1420.1
DO EFI BE SIS eee,401.19
"DO TOOTS, SESE",581.19
DOANE: SNe Rete,69.06
DOB TEFEREOTE ee eee,58.15
DOB: D TSR AINS. BRE ee,686.18
DOR TALC: SRE ae,1783.87
DOR TEM OTE EE SSE Senne,2.66
"Dae AERO SO1D, ee eee",84.82
Dae. TEFL BORE Deen:,1303.78
Dae: ARIE. SRE,1719.23
Date: 01-Jan-2012,6.0
Date: 01-Jan-2022,7.65
Date: 02-Aug-2010,3.0
Date: 02-Aug-2022,803.2
Date: 02-Jun-2019,3.0
Date: 02-Nov-2014,838.92
Date: 03-Mar2017,1.0
Date: 04-Aug-2000,3.0
Date: 05-Apr-1994,6.0
Date: 05-May-2015,702.56
Date: 05-Nov-2017,2.0
Date: 05-Sep-2016,2.0
Date: 06-Feb-1997,6.0
Date: 06-Mar-2005,5.0
Date: 07-Feb-2008,5.0
Date: 07-Jul-2019,1.0
Date: 07-Mar-1999,440.0
Date: 07-Mar-2002,755.45
Date: 07-Mar-2008,778.92
Date: 08-Dec-2002,20.01
Date: 08-Dec-2003,558.55
Date: 08-Feb-2003,6.0
Date: 08-Jan-2001,1.0
Date: 08-Mar-2009,209.73
Date: 08-Mar-2020,870.6
Date: 08-May-2002,4.0
Date: 08-Nov-2008,240.45
Date: 09-0c1-1983,3.0
Date: 09-0e0-2013,4.0
Date: 09-0e0-2021,6.0
Date: 09-Jan-2011,4.0
Date: 09-Mar-2012,5.0
Date: 09-Mar-2020,1067.38
Date: 09-May-1999,268.44
Date: 09-Sep-2008,1.0
Date: 10-Aug-2008,6.0
Date: 10-Jan-2010,1.0
Date: 10-Nov-2021,5.0
Date: 10-Sep-2005,6.0
Date: 11-Feb-2022,6.0
Date: 11-Jun-2008,5.0
Date: 11-Mar-2012,2.0
Date: 11-Oct-1994,3.0
Date: 12-Apr-2004,4.0
Date: 12-Apr-2017,6.0
Date: 12-Apr-2022,340.3
Date: 12-Feb-1993.,595.68
Date: 12-Feb-1995,3.0
Date: 13-Dec-2006,3.0
Date: 13-Oct-2015,187.34
Date: 14-Aug-1996,5.0
Date: 14-Feb-2003 IVOIRE STR Sa,680.08
Date: 14-Mar-1998,3.0
Date: 15-Jun-2005,4.0
Date: 16-01-2002,2.0
Date: 16-Dec-1099,3.0
Date: 16-Jun-1996,28.06
Date: 16-Mar-2005,78.0
Date: 17-Dec-1999,6.0
Date: 17-Jul-2017,5.0
Date: 17-Mar-2017,3.0
Date: 17-Oct-2009,2.0
Date: 18-Feb-1994,1.0
Date: 18-Jun-1994,6.0
Date: 18-Mar-2003.,194.6
Date: 18-Mar-2010,3.0
Date: 18-Mar-2012,5.0
Date: 19-Apr-2008,0.0
Date: 19-Apr-2022,3.0
Date: 19-Nov-2014,428.17
Date: 20-Jul-2007,6.0
Date: 20-Jun-1998,3.0
Date: 20-May-2010,3.0
Date: 21-Apr-2000,1.0
Date: 21-Dec-2003,4.0
Date: 21-Dec-2005,4.0
Date: 21-Jun-2008,1.0
Date: 23-Apr-2019,2.0
Date: 23-Mar-2021,5.0
Date: 23-May-2004,6.0
Date: 24-Dec-2011,3.0
Date: 24-Dec-2019,6.36
Date: 24-Dee-1999,3.0
Date: 24-Feb-2012,38.1
Date: 24-May-1995,3.0
Date: 25-Jan-2018,3.0
Date: 25-Jul-2009,4.0
Date: 25-Jun-2001,1.0
Date: 25-Nov-2001 Aevolon nienber INVITO-SEES,1470.58
Date: 25-Oct-2007,673.78
Date: 26-Jul-2020,3.0
Date: 26-Jun-2017,3.0
Date: 26-Mar2011,6.0
Date: 26-tan-2010,6.0
Date: 27-Aug-2004,6.0
Date: 28-Feb-2013,6.0
Date: 28-Feb-2015,229.26
Date: 28-May-2007,115.68
Date: 29-Jan-1996,3.0
Date: 29-Mar-2010,3.0
Date: 29-Nov-2002,0.8
Date: 29-Sep-2009,6.0
Date: 30-Apr-2014,5.0
Date: 30-Aug-1995,2.0
Date: 30-Jan-1999,5.0
Date: 31-Aug-1998,72.18
Date: 31-Aug-2015,883.7
Date: 31-lan-2018,1.0
"Duran, Morgan and Loper INVOICE",107.06
"Duran, Morgan and Loper NVOIEE",33.67
"Duran, Morgan and Loper TAX INVOICE",107.39
"Duran, Morgan andl Loper, COMMERCIAL INVOIC",617.3
EA Invoice Date: 08-Oct-2011,550.38
EA Invoice Date: 22-Apr-2021,898.38
Email:rclark@example.org,4.0
Ey Date: 18-May-2015,944.46
Fooorsfonanana sannes,3.5
"Graham, Carrio and Stark",200.2
HG NE eS SE SPM,148.12
HGR RN TONS eae eee,1362.29
Huf-Bryan,441.91
Huff Bryan,293.1
Huff-Bryan,552.745
Huft-Bryan,539.73
Hutt Bryan,300.62
Hutt-Bryan,483.37
H|| LCO jj,80.155
I Invoice Date: 25-Oct-2016,235.0
INVOICE,6.0
INVOICE # 0629-566,4.0
INVOICE # 1195-993,1.98
INVOICE # 1446-100,4.0
INVOICE # 1943-749,3.0
INVOICE # 1Nv93625808,2.02
INVOICE # 1Y5M9d-445,4.0
INVOICE # 1Y5MSa-224,3.0
INVOICE # 2497-225,3.0
INVOICE # 2536-148,6.0
INVOICE # 2965-808,6.0
INVOICE # 2v2M6d-378,3.0
INVOICE # 2vaMGe-104,1.89
INVOICE # 2vamae-222,4.0
INVOICE # 2veMoe-564,6.0
INVOICE # 3623-506,2.96
INVOICE # 3793-280,4.0
INVOICE # 3Y7M60-773,57.5
INVOICE # 3Y7M60-817,1.0
INVOICE # 4011-200,3.0
INVOICE # 4428-093,2.0
INVOICE # 4531-912,6.0
INVOICE # 4742-479,4.0
INVOICE # 4997-198,4.64
INVOICE # 4vaM20-619,4.0
INVOICE # 4veM40-637,3.0
INVOICE # 5042-901,5.0
INVOICE # 5315-099,2.0
INVOICE # 5489-530,6.0
INVOICE # 5568-204,5.0
INVOICE # 5889-452,6.0
INVOICE # 5y2M6d-009,2.0
INVOICE # 6606-168,3.59
INVOICE # 6608-592,2.0
INVOICE # 6884-727,6.0
INVOICE # 6veNsa-240,2.44
INVOICE # 7070-517,2.0
INVOICE # 7588-224,5.56
INVOICE # 7809-017,4.0
INVOICE # 7Y5Me4-801,6.0
INVOICE # 7YSM6d-826,4.0
INVOICE # 7vaMge-487,5.0
INVOICE # 7¥2M9d-990,3.39
INVOICE # 8056-215,3.0
INVOICE # 8278-185,236.64
INVOICE # 8459-145,11.0
INVOICE # 8Y2MOd-153,1.0
INVOICE # 8Y5M30.963,30.96
INVOICE # 9449-561,4.0
INVOICE # 9512-762,4.0
INVOICE # 9614-222,6.0
INVOICE # 9897-228,19.72
INVOICE # 9Y5M6d-137,4.0
INVOICE # 9Y7M74-862,3.92
INVOICE # 9YeMad-466,62.26
INVOICE # 9v2med-229,6.0
INVOICE # 9vaMaa-111,5.0
INVOICE # 9y44e-680,6.0
INVOICE # 9y7Mt6-604,3.0
INVOICE # 9ysMr70-735,4.0
INVOICE # BY5M1d-459,3.01
INVOICE # INV/16-68/945,2.0
INVOICE # INV/42-76/024,2.0
INVOICE # INV30187268,4.0
INVOICE # INV31709933,1.0
INVOICE # INV44584384,1.0
INVOICE # INV55955846,4.0
INVOICE # INV66198156,2.0
INVOICE # INV7325955,9.87
INVOICE # INV77854765,4.0
INVOICE # INVI06- 081653,13.49
INVOICE # INVI17-201908,2.28
INVOICE # INVI27-971574,58.47
INVOICE # INVI35-931794,6.0
INVOICE # INVI76-791079,6.0
INVOICE # INVI79-34/108,4.0
INVOICE # INVIS3-81/123,3.74
INVOICE # INVIS4-63/615,3.49
INVOICE # INVIS7-381000,4.0
INVOICE # INVIS9-86/187,2.68
INVOICE # INVIS9-951624,1.93
INVOICE # INVO®S49115,3.0
INVOICE # INVS2297731,2.07
INVOICE # INVa3918730,2.0
INVOICE # INVe2723049,4.0
INVOICE # INVe8EB7281,5.0
INVOICE # INVi03-83/490,7.0
INVOICE # INVi10-31/056,2.0
INVOICE # INVi23-191867,2.0
INVOICE # INVi82-6/171,5.52
INVOICE # INVi87-591089,56.06
INVOICE # INViOo-04/614,3.55
INVOICE # INViS4-861690,2.94
INVOICE # INViTO-381492,2.1
INVOICE # INVio2-991848,24.05
INVOICE # INVize-86732,6.0
INVOICE # INvi16-20/297,6.0
INVOICE # INvi17-46/160,2.0
INVOICE # INvi49-380016,1.0
INVOICE # INvi67-791700,6.0
INVOICE # INvi80-64/708,6.0
INVOICE # INvi97-87/252,6.0
INVOICE # NVi29-46/545,19.63
INVOICE # SYOM24-650,2.0
INVOICE # ay2M1d-674,11.85
INVOICE # evaMe-456,130.44
INVOICE # ey 1Moa-702,6.28
INVOICE # iNvi62-31/382,4.0
INVOICE # iNvi93-001872,6.0
INVOICE # nvies-09/215,6.0
INVOICE # ovMse-s16,23.88
INVOICE # sYoMaa-644,1.0
INVOICE # sy7MS0-077,3.0
INVOICE # vas 81084,1.0
INVOICE # wNva6411672,4.0
INVOICE #7011-270,13.48
INVOICE #INV72t67868,6.84
INVOICE #INVI63 209071,8.05
INVOICE #INVa9555456,4.0
INVOICE #INVi8-58I011,4.72
INVOICE #nvi8s-807860,5.0
INVOICE 1 INVINT S534,1.08
INVOICE 10 1272-624,2.15
INVOICE 10 1wv40030523,10.78
INVOICE 10 2586-002,12.0
INVOICE 10 2605-059,41.01
INVOICE 10 2veMae-977,4.0
INVOICE 10 2¥sMad-170,5.0
INVOICE 10 3186-030,15.07
INVOICE 10 5492-987,4.0
INVOICE 10 5840-424,4.0
INVOICE 10 6103-819,3.0
INVOICE 10 6506-669,2.0
INVOICE 10 6yaMod-o25,97.72
INVOICE 10 8020-685,15.0
INVOICE 10 8208-732,2.0
INVOICE 10 9326-050,22.58
INVOICE 10 INVA8- 981036,2.19
INVOICE 10 INVI6-981072,7.46
INVOICE 10 INVI72 53885,33.22
INVOICE 10 INVI78-601008,6.63
INVOICE 10 INVINS-31960,1.95
INVOICE 10 INVIS6-#27718,6.86
INVOICE 10 INVZe-731887,3.0
INVOICE 10 INVis0-07/861,3.0
INVOICE 10 INv25735297,20.59
INVOICE 10 INva5128408,14.37
INVOICE 10 INva8607782,3.61
INVOICE 10 INve9695999,6.0
INVOICE 10 INvi16-80/468,68.24
INVOICE 10 INvi23-29/877,5.0
INVOICE 10 INvi27-351692,2.0
INVOICE 10 INvir2-69121,16.0
INVOICE 10 IWvS1359039,8.73
INVOICE 10 WWv94320226,9.25
INVOICE 10 WWvass44s02,7.49
INVOICE 10 eveN2d-098,4.08
INVOICE 10 eyaMa-603,3.0
INVOICE 10 eyaMed-909,4.0
INVOICE 10 nNvs2181099,3.0
INVOICE 10 ovaMee-o41,2.0
INVOICE 10 tY2Me-908,4.0
INVOICE 10 tY7Med-602,6.0
INVOICE 10 tYaMad-152,5.0
INVOICE 19 0211-415,3.0
INVOICE 19 2927-318,5.0
INVOICE 1D 0167-705,5.0
INVOICE 1D 0664-307,3.0
INVOICE 1D 0845-822,3.0
INVOICE 1D 1YeNt1¢-200,5.0
INVOICE 1D 3792-544,1.0
INVOICE 1D 3Y1MTa-913,2.0
INVOICE 1D 3Y1MTe-949,4.0
INVOICE 1D 3YeMGd-385,33.09
INVOICE 1D 4YeMT7¢-719,183.4
INVOICE 1D 4YoM36-797,1.35
INVOICE 1D 4v2M7@-010,26.97
INVOICE 1D 6284-163,1.22
INVOICE 1D 6749-993,4.0
INVOICE 1D 7071-792,2.0
INVOICE 1D 7541-805,4.76
"INVOICE 1D 7616-878,",10.53
INVOICE 1D 7YeMea-762,89.03
INVOICE 1D 7¥7MSa-386,5.0
INVOICE 1D 8049-861,5.0
INVOICE 1D 8059-362,3.0
INVOICE 1D 8125-623,5.0
INVOICE 1D 8398-949,4.66
INVOICE 1D 9715-201,4.0
INVOICE 1D 9980-955,5.0
INVOICE 1D 9YaMe-206,3.0
INVOICE 1D 9vaM1e-499,4.0
INVOICE 1D 9vaMea-125,7.09
INVOICE 1D By 1Mte-053,4.0
INVOICE 1D INV/t9-15/194,3.0
INVOICE 1D INV20252091,4.12
INVOICE 1D INV32599550,2.0
INVOICE 1D INV72975926,1.0
INVOICE 1D INV76524715,4.0
INVOICE 1D INV79718460,4.35
INVOICE 1D INV95151567,1.23
INVOICE 1D INVI27-65/530,3.0
INVOICE 1D INVI71-12/960,4.0
INVOICE 1D INVIN4-771632,2.0
INVOICE 1D INVe1640968,4.0
INVOICE 1D INVeze40382,2.0
INVOICE 1D INVi00-601138,6.0
INVOICE 1D INVi01-17!590,2.0
INVOICE 1D INVi08-851256,3.13
INVOICE 1D INVi0s-88/633,2.0
INVOICE 1D INVi19-67/089,4.0
INVOICE 1D INVi21-87/712,2.0
INVOICE 1D INVi46-111674,2.0
INVOICE 1D INVi60-41/232,2.0
INVOICE 1D INVi64-301672,2.0
INVOICE 1D INVi67-43/626,2.0
INVOICE 1D INVi69-22/722,15.0
INVOICE 1D INVi85-11/062,6.0
INVOICE 1D INVi99-36/469,5.0
INVOICE 1D INVis3-82/483,2.31
INVOICE 1D INVo4681978,6.0
INVOICE 1D INVs9191440,3.0
INVOICE 1D INv26863155,4.0
INVOICE 1D INve0044203,4.0
INVOICE 1D INve0683977,4.0
INVOICE 1D INvi83-481151,310.24
INVOICE 1D INvit8-44/868,1.0
INVOICE 1D nNva4o16878,6.0
INVOICE 1D nNva9es9205,2.0
INVOICE 1D nyvs1 189524,5.0
INVOICE 1D ov 7Mae-033,2.0
INVOICE 1p 4v7M4d-604,4.0
INVOICE A,4.03
INVOICE A\,5.0
INVOICE B ~\,206.38
INVOICE ID 1Y1MG@-400,708.02
INVOICE ID 1Y5M2d-754,97.53
INVOICE ID 1Y5Ma9d-973,4.0
INVOICE ID 2vaM7a-329,4.0
INVOICE ID 3Y1M4d-342,4.25
INVOICE ID 3Y5Mad-770,3.0
INVOICE ID 4994-548,4.0
INVOICE ID 4Y1M2d-311,4.07
INVOICE ID 4Y¥aM6d-890,2.25
INVOICE ID 5YSM1d-070,5.0
INVOICE ID 6665-596,6.0
INVOICE ID 7288-959,5.0
INVOICE ID 9727-792,12.75
INVOICE ID 9Y2M3d-680,5.0
INVOICE ID INV0425231,4.0
INVOICE ID INV4o468103,2.0
INVOICE ID INV57363105,1.32
INVOICE ID INV60149975,3.0
INVOICE ID INV72235097,4.0
INVOICE ID INVI51-69/452,5.0
"INVOICE ID INVI70-09/065,",6.0
INVOICE ID INVS0595719,1.88
INVOICE ID INVS2903851,22.94
INVOICE ID INve3316203,45.19
INVOICE INVOICE # 0218-162,2.0
INVOICE INVOICE # 3298-736,3.0
INVOICE INVOICE # 3782-811,5.0
INVOICE INVOICE # 3837-466,3.0
INVOICE INVOICE # 4962-641,5.0
INVOICE INVOICE # 4Y9M6d-005.,2.0
INVOICE INVOICE # 7582-825,3.0
INVOICE INVOICE # 7Y9M8d-017,3.0
INVOICE INVOICE # 8492-017,2.0
INVOICE INVOICE # 8498-041,2.0
INVOICE INVOICE # 8654-648,1.0
INVOICE INVOICE # 8939-079,4.0
INVOICE INVOICE # INV/02-01/816,6.0
INVOICE INVOICE # INV/26-54/622,4.0
INVOICE INVOICE # INV10508877,1.0
INVOICE INVOICE # INV23101810,5.0
INVOICE INVOICE # INV24081916,6.0
INVOICE INVOICE # INV25066011,4.0
INVOICE INVOICE # INV42941567,1.0
INVOICE INVOICE # INV56959297,5.0
INVOICE INVOICE # INV61471503,1.0
INVOICE INVOICE # INV63032505,1.0
INVOICE INVOICE # INV79936211,15.08
INVOICE INVOICE ID 0485-325,1.0
INVOICE INVOICE ID 1333-374,6.0
INVOICE INVOICE ID 1¥4M6d-237,6.0
INVOICE INVOICE ID 3Y2Mgd-378,5.0
INVOICE INVOICE ID 3Y7M4d-033,3.0
INVOICE INVOICE ID 7588-606,2.0
INVOICE INVOICE ID 9685-711,2.0
INVOICE INVOICE ID INV/36-89/789,1.0
INVOICE INVOICE ID INV/67-31/057,4.0
INVOICE INVOICE ID INV/98-78/424,2.0
INVOICE INVOICE ID INV00738500,4.0
INVOICE INVOICE ID INV27274222,5.0
INVOICE INVOICE ID INV36198346.,6.0
INVOICE INVOICE ID INV38710446,5.0
INVOICE INVOICE ID INV52295072,3.0
INVOICE INVOICE ID INV55243510,4.0
INVOICE INVOICE ID INV61262999,1.0
INVOICE INVOICE ID INV71339876,4.0
INVOICE INVOICE ID INV87921002,2.0
INVOICE INVOICE ID INVO9593741,4.0
INVOICE Im avanaesse,355.93
INVOICE Invoice number 0576-839,6.0
INVOICE Invoice number 1720-881,2.0
INVOICE Invoice number 2¥ 1M9d-560,6.0
INVOICE Invoice number 6570-710,3.0
INVOICE Invoice number 6Y3M4d-360,3.0
INVOICE Invoice number 7559-291,2.0
INVOICE Invoice number 7Y7M2d-214,3.0
INVOICE Invoice number 8201-583,1.0
INVOICE Invoice number 9880-501,4.0
INVOICE Invoice number INV/20-81/882,4.0
INVOICE Invoice number INV/34-21/162,4.0
INVOICE Invoice number INV/51-17/397,1.0
INVOICE Invoice number INV/53-08/749,4.0
INVOICE Invoice number INV/86-86/238,6.0
INVOICE Invoice number INV15671306,3.0
INVOICE Invoice number INV24253791,5.0
INVOICE Invoice number INV36652871,6.0
INVOICE Invoice number INV41346935,2.0
INVOICE Invoice number INV45431758,1.0
INVOICE Invoice number INV50874200,2.0
INVOICE Invoice number INV51842156,6.0
INVOICE Invoice number INV69500589.,6.0
INVOICE Invoice number INV74775920,1.0
INVOICE Invoice number INV87678831,4.0
INVOICE Invoice number INVO1937366,1.0
INVOICE Invoice number SY7M6d-223,4.0
INVOICE Ip tNvi41-89/600,6.0
INVOICE LN |,557.68
INVOICE ©,0.0
"Inenion, Bake: Sere n0e. SR aS eemene",1370.87
Ingen Bate OFFS eee ae eae,68.42
Invoice Date: 01-Apr-2008,193.98
Invoice Date: 01-Feb-2022,4.0
Invoice Date: 01-Jun-1999,4.0
Invoice Date: 02-Feb-1996,5.0
Invoice Date: 03-Apr-2012,5.0
Invoice Date: 03-Dec-2011,2.0
Invoice Date: 03-Nov-1994,530.26
Invoice Date: 03-Oct-2005,3.0
Invoice Date: 04-Aug-2018,3.0
Invoice Date: 04-Feb-2019,1.0
Invoice Date: 04-Jul-2000,6.0
Invoice Date: 04-Oct-2004,1.0
Invoice Date: 04-Oct-2015,1.0
Invoice Date: 05-Aug-2019,2.0
Invoice Date: 05-Dec-1997,2.0
Invoice Date: 05-Jul-2010,419.68
Invoice Date: 05-Nov-2014,4.0
Invoice Date: 06-Apr-2000,550.86
Invoice Date: 06-Dec-2006,5.0
Invoice Date: 06-Jan-2015,5.0
Invoice Date: 06-Jun-2012,5.0
Invoice Date: 06-Mar-2007,3.0
Invoice Date: 06-Nov-2006,598.56
Invoice Date: 07-Apr-2020,591.17
Invoice Date: 07-Oct-2014,1.0
Invoice Date: 08-Dec-2008,6.0
Invoice Date: 08-May-1094,4.0
Invoice Date: 09-Dec-2014,5.0
Invoice Date: 09-Jan-1997,3.6
Invoice Date: 09-Oct-2002,946.9
Invoice Date: 09-Oct-2017,2.0
Invoice Date: 10-Aug-2002,2.0
Invoice Date: 10-Aug-2022,2.0
Invoice Date: 10-Feb-1988,5.0
Invoice Date: 10-Oct-2011,6.0
Invoice Date: 10Ju-2008,2.0
Invoice Date: 11-Feb-2000,4.0
Invoice Date: 11-Jan-2011,1.0
Invoice Date: 11-May-2009,181.86
Invoice Date: 11-Sep-2005,3.0
Invoice Date: 13-Apr-2021,2.0
Invoice Date: 13-Jun-2018,108.81
"Invoice Date: 13-Sep-2008,",6.0
Invoice Date: 14-Jul-2008,3.0
Invoice Date: 15-Aug-2021,4.0
Invoice Date: 15-Jan-1904,5.0
Invoice Date: 15-Jan-2020,4.0
Invoice Date: 15-Mar-2015,2.0
Invoice Date: 15-May-2004,429.53
Invoice Date: 16-Sep-2012,1.0
Invoice Date: 17-Feb-2001,565.14
Invoice Date: 17-Feb-2007,2.0
Invoice Date: 17-May-2017,3.0
Invoice Date: 17-Oc-1997,1.0
Invoice Date: 17-Oct-1994,4.0
Invoice Date: 18-Apr-2018,5.0
Invoice Date: 18-Aug-2000,5.0
Invoice Date: 18-Aug-2013,1166.42
Invoice Date: 18-Feb-2017,6.0
Invoice Date: 18-Jan-2004,2.0
Invoice Date: 19-Aug-2014,5.0
Invoice Date: 19-Dec-2011,3.0
Invoice Date: 20-0ct-2020,3.0
Invoice Date: 20-Aug-2012,2.0
Invoice Date: 20-Feb-2002,3.0
Invoice Date: 20-Feb-2020,1.0
Invoice Date: 20-Mar-2014,1.0
Invoice Date: 20-Sep-2002,1.0
Invoice Date: 21-May-2005,1059.14
Invoice Date: 22-Aug-2006,2.0
Invoice Date: 22-Jul-2022,4.0
Invoice Date: 22-May-2005,4.0
Invoice Date: 22-May-2015,3.0
Invoice Date: 22-Nov-2002,4.0
Invoice Date: 24-Jan-2008,5.0
Invoice Date: 24-Jul-1995,3.2
Invoice Date: 24-Jul-2011,3.0
Invoice Date: 24-Mar-2001,4.0
Invoice Date: 24-Mar-2015 INVORE IO RIVES (ABIES,1269.24
Invoice Date: 24-Oct-1994,99.39
Invoice Date: 24-Oct-2005,3.0
Invoice Date: 24-Oct-2006,6.0
Invoice Date: 25-Feb-2010,6.0
Invoice Date: 25-Jun-2013,680.79
Invoice Date: 25-Oct-1908,99.98
Invoice Date: 26-Feb-2007,2.0
Invoice Date: 26-Jul-2012,4.0
Invoice Date: 27-Feb-1996,4.0
Invoice Date: 27-Jan-1998,4.0
Invoice Date: 28-Aug-2008,3.0
Invoice Date: 28-Dec-2001,6.0
"Invoice Date: 29-Dee-2003,",3.0
Invoice Date: 29-May-2000,1087.37
Invoice Date: 29-May-2014,18.08
Invoice Date: 29-Oct-1996,4.0
Invoice Date: 29-Sep-1994,73.28
Invoice Date: 30-Aug-2018,4.0
Invoice Date: 30-Dec-1999,2.0
Invoice Date: 30-Jun-2018,821.46
Invoice Date: 30-Mar-2011,4.0
Invoice Date: 30-Sep-2002,6.0
Invoice Date: 31-Jan-2020,4.0
Invoice number 0102-723,4.26
Invoice number 0361-568,5.0
Invoice number 0423-994,4.46
Invoice number 0738-211,14.94
Invoice number 1709-872,3.0
Invoice number 172.972,172.97
Invoice number 1¥4M74-901,4.0
Invoice number 2041-888,6.07
Invoice number 2354-008,27.5
Invoice number 2392-280,79.96
Invoice number 275M2<-829,6.06
Invoice number 27M9d-056,1.16
Invoice number 2890-220,4.0
Invoice number 2Y2MG0-617,5.0
Invoice number 2Y7M7-856,16.0
Invoice number 2¥8M2d-232,4.0
Invoice number 3254-790,4.0
Invoice number 3284-981,2.35
Invoice number 3419-648,3.75
Invoice number 3583-127,1.0
Invoice number 3673-529,2.0
Invoice number 4712-1853,3.77
Invoice number 4846-163,1.0
Invoice number 4995-142,4.0
Invoice number 4Y3M4d-730,2.0
Invoice number 4Y7M54-226,7.9
Invoice number 4YSM74-668,6.0
Invoice number 4YaM16-321,5.0
Invoice number 4YaMed-234,1.0
Invoice number 5256-017,6.0
Invoice number 5790-469,1.67
Invoice number 5Y5M7d-037,1.0
Invoice number 6101-552,91.98
Invoice number 6136-941,5.0
Invoice number 6402-109,6.0
Invoice number 6Y2M9d-905,5.0
Invoice number 6Y4M6d-199,1.0
Invoice number 7251-170,4.69
Invoice number 7915-343,1.0
Invoice number 7Y2Méd-817,4.0
Invoice number 8088-879,4.0
Invoice number 8747-004,4.0
Invoice number 8Y4M 76-545,4.0
"Invoice number 8Y4M5d-685,",2.0
Invoice number 8yEM6d-300,2.0
Invoice number 9520-784,14.0
Invoice number 9525-747,16.0
Invoice number 9591-286,3.0
Invoice number 9848-082,5.0
Invoice number 999-429,2.67
Invoice number 9Y1M1d-469,5.0
Invoice number 9Y3M34-717,4.0
Invoice number 9Y4M7-903,15.0
Invoice number 9Y5MBd-266,5.0
Invoice number 9YaMed-581,11.0
Invoice number 9y4MSa-664,5.0
Invoice number INV/13-70!588,1.82
Invoice number INV/14-28/966,190.22
Invoice number INV/17-53/486,89.2
Invoice number INV/80-16/947,4.0
Invoice number INV/96-501325,4.0
Invoice number INV17245072,1.0
Invoice number INV21045426,60.46
Invoice number INV24120308,3.0
Invoice number INV24345109,3.0
Invoice number INV25983751,3.05
Invoice number INV26708557,5.0
Invoice number INV27368921,3.0
Invoice number INV31212399,4.05
Invoice number INV40543631,18.45
Invoice number INV61225954,6.0
Invoice number INV71595851,4.01
Invoice number INV75508065,4.0
Invoice number INV7S589553,57.09
Invoice number INV85602962,1.69
Invoice number INV90745050,4.45
Invoice number INV94255888,54.0
Invoice number INV97929405,5.05
Invoice number INV99303116,2.0
Invoice number INVB1070285,320.8
Invoice number INVB6623587,1.0
Invoice number INVE2991383,2.0
Invoice number INVE4802576,2.0
Invoice number INVI02-52/173,5.0
Invoice number INVI03-42/593,8.92
Invoice number INVI16-301481,2.0
Invoice number INVI23-691466,1.0
Invoice number INVI24-47/811,6.0
Invoice number INVI26-59/467,93.78
Invoice number INVI63-87573,3.02
Invoice number INVI64-22/609,6.0
Invoice number INVI69-04/634,2.0
Invoice number INVI72-63/982,3.0
Invoice number INVI78-28/110,2.0
Invoice number INVI83-92/798,1.0
Invoice number INVI84-61/809,6.0
Invoice number INVI86 71857,9.11
Invoice number INVI86-001677,3.0
Invoice number INVI86-71/990,6.0
Invoice number INVI86-78/010,3.0
Invoice number INVI88-94/837,7.96
Invoice number INVI97-47/840,1.0
Invoice number INVI97-48/977,2.0
Invoice number INVIO7-64/950,4.32
Invoice number INVIS3-42/123,4.0
Invoice number INVIS4-37/196,4.0
Invoice number INVIS7-461679,5.0
Invoice number INVO1449166,4.96
Invoice number INVO2779793,5.0
Invoice number INVS1077416,4.48
Invoice number INVS3385204,6.99
Invoice number INVi4-107364,11.17
Invoice number INVi89-20/030,14.0
Invoice number INnva9949058,4.0
Invoice number INv98738629,5.0
Invoice number INvi28-17/262,12.07
Invoice number NV+ 1506080,1.0
Invoice number Nv35984238,6.08
Invoice number Nva2471762,3.7
Invoice number NvaB363400,1.0
Invoice number NvaB469540,5.0
Invoice number Nvs1629418,4.0
Invoice number SY6M6d-546,16.0
Invoice number SYBM3d-853,5.0
Invoice number SYOM 14-349,875.26
Invoice number SYaM2d-282,3.0
Invoice number SYaMed-304,35.82
Invoice number iv2a64606,1.38
Invoice number nvo3425571,12.0
Invoice number §190-308,2.0
Invoice umber 7Y7¥16.388,16.38
Invoice umber 854.991,854.99
Invoice umber syaM.028,32.11
Invoie Date: 06-Oct-2016,5.0
Invoige number NV72651400,4.0
I|_tco |,39.2
Jensen Grou INVOICE,5.0
Jensen Group. INVOICE,7.215
"Kelly-Moss East Natalie, MP 37070 US.",58.38
"Kelly-Moss Guerraton, TX 60058 US",16.96
"Kelly-Moss Lake Lori, CT 03781 US",36.41
"Kelly-Moss South Nicholas, OR 20133 US",23.64
"Kelly-Moss ‘South Alanberg, OH 86279 US.",96.7
"Kelly-Moss ‘South Gordonfort, MD 87634 US",26.47
"Kelly-Moss ‘South Kaitlyn, WI 02907 US",93.08
"Kelly-Moss ‘South Mark, UT 10292 US",41.09
"Kelly-Moss ‘Spencemouth, UT 09238 US",42.42
LS,62.56
LT Date: 25-Jul-2016,1141.81
LT Invoice Date: 24-Apr-1995,24.06
LTA Date: 30-Sep-2011,397.81
"LTA Invoice Date: 09-Sep-2003,",243.7
LTA Invoice Date: 26-Apr-2005,320.74
LTA Invoice Date: 26-Oct-2006,6.12
LY Invoice Date: 22-Apr-1996,1618.64
Ly Date: 25-May-2017,708.34
MB Date: 05-Mar-2012,227.74
My Date: 08-Oct-2011,557.04
My Date: 17-May-2019,1135.52
My Date: 30-Jan-2015,215.43
O09 Anton Rape Apt. 810,23.09
OREO TR Ee,1207.86
Oo Buyer :Christian Banks Il,78.89
"Parker, Philips and Thomas",56.08
"Parker, Phillips and Thomas",51.54
QS,5.0
Qn,1.5
Qnnn- woe,3.0
Qnnne comme,4.0
Qnnne oom,1.0
Qynnne rome,4.0
Qynnne wove,2.0
Robinson-Carson 62 96 e,54.4
Robinson-Carson 62 °@ co,32.3
Robinson-Carson 6296 e,62.59
Robinson-Carson G2 °@,43.15
"Rogers, Olson and Sanders",4.0
S COMMERCIAL INVOICE,48.835
S INVOICE,55.68
S TAX INVOICE,58.42
SA Invoice Date: 05-Apr-2008,406.47
SA Invoice Date: 06-Apr-2013,474.21
SA Invoice Date: 06-Jul-1993,649.83
SA Invoice Date: 08-Oct-2006,550.96
SA Invoice Date: 11-Jul-2005,142.3
SA Invoice Date: 13-Apr-2008,615.84
SA Invoice Date: 13-Oct-1995,807.5
SA Invoice Date: 19-Apr-2005,495.75
SA Invoice Date: 20-Apr-2018,348.32
SA Invoice Date: 30-Jul-2016,874.6
SA invoice Date: 05-Feb-2012,1126.04
SA invoice Date: 27-Jan-2009,143.83
SALE Eee Pa,1031.06
SB Dale: 01-Nov-1997,556.63
SB Dale: 07-Nov-1997,1084.82
SB Dale: 10-Feb-2020,727.19
SB Date: 02-Nov-2019,78.0
SB Invoice Date: 04-Aug-1998,530.59
SB Invoice Date: 05-Aug-2007,804.93
SB Invoice Date: 07-Aug-1997,1010.64
SB Invoice Date: 09-Dec-2009,228.12
SB Invoice Date: 15-Nov-2013,768.66
SB Invoice Date: 17-Aug-2002,398.28
SB Invoice Date: 17-Nov-2005,4.56
SB Invoice Date: 18-Jan-1997,89.59
SB Invoice Date: 19-Jun-2012,784.29
SB Invoice Date: 20-Nov-2000,702.7
SB Invoice Date: 24-Sep-2014,426.65
SB Invoice Date: 26-Nov-1994,348.42
SB Invoice Date: 30-Dec-1993,67.75
SB invoice Date: 01-Feb-2017,390.82
SB invoice Date: 08-May-1997,613.8
SB invoice Date: 13-Mar-1999,486.2
SB invoice Date: 15-Jan-2022,680.94
SB invoice Date: 21-Feb-1994,582.21
SE Invoice Date: 12-Feb-2012,342.14
SE Invoice Date: 25-Feb-2010,191.34
SEB Invoice Date: 15-Apr-2007,418.64
SG NE Se ERS SESE,1314.51
SL Date: 08-Nov-1998,287.0
SLA Invoice Date: 26-Aug-2021,411.94
SMB Invoice Date: 04-Oct-2022,6.99
SN Date: 30-Nov-2012,7.0
STS RET,1989.32
Se Invoice Date: 20-Mar-1996,1566.99
Sennen aN OF -Bae000 a ad,495.02
Ser Rivera Phe sue 678,40.1
Sgion Bate see 0e) SES Tees,594.65
Sinan andliapar INVOICE,114.65
Sinan andliapar TAX INVOICE,118.435
Snegen ON TSa SO Re err,867.13
Snegton BN TRO TBR. een,1320.9
Ss Date: 04-Jan-2006,1.0
Ss Date: 04-Jun-2006,0.3
Su Date: 03-Jan-2008,1189.88
Su Date: 18-Jan-1999,677.45
Su Date: 26-Sep-2009,118.08
Sy Dale: 16-Mar-1993,494.9
Sy Date: 02-Jul-2002,200.66
Sy Date: 06-Jan-2019,370.83
Sy Date: 06-Jun-2000,676.26
Sy Date: 07-Jun-2003,0.08
Sy Date: 12-Jan-1998,670.04
Sy Date: 12-Mar-2002,266.48
Sy Date: 13-Mar-2007,432.96
Sy Date: 16-Jun-2008,2.6
Sy Date: 20-Jul-1997,707.98
Sy Date: 21-Jun-1996,390.06
Sy Date: 22-Mar-2022,829.56
Sy Date: 23-Jun-2004,835.62
Sy Date: 23-Nov-2008,69.56
Sy Date: 25-Mar-1997,1009.61
Sy Date: 25-Sep-2006,36.19
Sy Date: 28-Feb-2000,198.1
Sy Date: 28-Sep-1998,192.2
TA Date: 28-Sep-2011,1127.21
TAX INVOICE,6.0
TAX INVOICE A,5.36
TAX INVOICE A\,5.0
TAX INVOICE EN,626.25
TAX INVOICE INVOICE # 1007-495,4.0
TAX INVOICE INVOICE # 1839-491,1.0
TAX INVOICE INVOICE # 4901-094,6.0
TAX INVOICE INVOICE # 6Y1M3d-261,2.0
TAX INVOICE INVOICE # 7939-849,5.0
TAX INVOICE INVOICE # 7Y2M5d-372,4.0
TAX INVOICE INVOICE # 8115-719,2.0
TAX INVOICE INVOICE # 8Y7M2d-775,5.0
TAX INVOICE INVOICE # 8Y8M5d-490,5.0
TAX INVOICE INVOICE # INV/15-00/221,6.0
TAX INVOICE INVOICE # INV/20-13/767,3.0
TAX INVOICE INVOICE # INV/60-78/528,4.0
TAX INVOICE INVOICE # SY5M7d-379,4.0
TAX INVOICE INVOICE ID 1379-419,1.0
TAX INVOICE INVOICE ID 1Y1M5d-442,4.0
TAX INVOICE INVOICE ID 2950-561,6.0
TAX INVOICE INVOICE ID 4380-873,1.0
TAX INVOICE INVOICE ID 4984-393,3.0
TAX INVOICE INVOICE ID 5476-783,5.0
TAX INVOICE INVOICE ID 6161-637,5.0
TAX INVOICE INVOICE ID 6Y1M1d-181,5.0
TAX INVOICE INVOICE ID 6Y3Mgd-093,4.0
TAX INVOICE INVOICE ID 6Y7M7d-288,6.0
TAX INVOICE INVOICE ID 8Y8M8d-709,6.0
TAX INVOICE INVOICE ID INV/12-94/903.,3.0
TAX INVOICE INVOICE ID INV/16-90/290,4.0
TAX INVOICE INVOICE ID INV/24-40/717,3.0
TAX INVOICE INVOICE ID INV/40-80/520,6.0
"TAX INVOICE INVOICE ID INV/46-62/395,",712.91
TAX INVOICE INVOICE ID INV/S7-28/812,1.0
TAX INVOICE INVOICE ID INV65108337,7.1
"TAX INVOICE INVOICE ID INVO7453975,",2.0
TAX INVOICE Invoice number 0260-146,6.0
TAX INVOICE Invoice number 1604-486,4.0
TAX INVOICE Invoice number 1802-729,5.0
TAX INVOICE Invoice number 1¥8MSd-595.,1.0
TAX INVOICE Invoice number 3Y 1M1d-587,1.0
TAX INVOICE Invoice number 4Y7M4d-506,2.0
TAX INVOICE Invoice number 6Y5M6d-567,4.0
TAX INVOICE Invoice number 7478-184,5.0
TAX INVOICE Invoice number 7¥8M1d-444,5.2
TAX INVOICE Invoice number 9Y5M7d-429,2.0
TAX INVOICE Invoice number INV/13-94/573,2.0
TAX INVOICE Invoice number INV/24-57/556,1.0
TAX INVOICE Invoice number INV/57-78/306,4.0
TAX INVOICE Invoice number INV/68-65/680,4.0
TAX INVOICE Invoice number INV/76-12/468,6.0
TAX INVOICE Invoice number INV/76-58/862,1.0
TAX INVOICE Invoice number INV65259712,1.0
TAX INVOICE Invoice number INV81189404,2.0
TAX INVOICE Invoice number INV84589437,5.0
TAX INVOICE Invoice number INV85316221,6.0
TAX INVOICE Invoice number INV98004763,2.0
TAX INVOICE Invoice number INVO7372777,4.0
TAX INVOICE Invoice number SY2M4d-396.,3.0
TAX INVOICE LN |,479.135
TAX INVOICE n\,842.88
TAX INVOICE ©,0.0
Uy Date: 18-Mar-2004,893.96
WA Date: 04-Sep-2019,1219.38
WA Date: 09-Apr-1995,589.39
WA Date: 19-Apr-2020,764.84
WA Date: 30-Apr-2002,7.0
WA Date: 30-Jun-2013,1456.41
White and Sons LAN,613.14
"Wn NE Sey, BE ELE",1307.36
Wnegion Bate 0 kat 2019 Ee Ror,250.3
"Wnnen ate OF Meee, Re ee",1259.47
Wy Dale: 15-Jan-2014,965.06
Wy Dale: 19-Feb-1993,684.31
Wy Date: 13-Nov-2009,587.64
Wy Date: 14-Oct-2012,1117.65
Wy Date: 15-Oct-2014,325.8
Wy Date: 16-Jun-1999,624.69
Wy Date: 19-Sep-2013,201.98
Wy Date: 20-Aug-2018,1196.28
Wy Date: 22-Jan-1997,437.55
Wy Date: 23-Oct-1997,155.9
Wy Date: 26-Dec-2019,298.16
Wy Date: 26-Oct-2013,1.01
Wy Date: 31-Oct-1993,841.57
Yoder LLC,50.45
Yoder Luc,51.62
ZEON,273.4
Zn meen,3.0
Zn wenn,2.0
Znnnn weer,4.0
_=,334.755
a aa Re ee,396.46
a ha Be ELS ee ne,240.21
aa aid SETA,906.18
as,3.5
auyg:tetet,5.51
co COMMERCIAL INVOICE,3.68
co TAX INVOICE,3.0
eye ioseph Howad,8.62
fut-Bryan,405.18
i,282.84000000000003
i ie,593.71
i) LCO |),63.89
i| LCO |,32.725
i|| LCO |i,9.94
jl Lco Jj,9.2
jl Lco |},97.49
neon Ne 5 ae rants Mee ee,88.16
rd Bill t:Sharon Herman,77.78
rd Bill to:Sarah Bennett,15.08
rd Bill to:William Hardy,90.14
sr,28.72
ss,5.0
sue 0,20.9
tut Bryan,532.1
uy Date: 11-Mar-1996,133.48
uy Date: 31-Jul-2002,1342.45
yA Date: 13-May-1993,689.23
yy Date: 08-Jan-2000,569.45
yy Date: 09-Oct-2001,757.13
yy Date: 11-May-2012,287.77
yy Date: 11-Sep-2013,137.04
yy Date: 13-Jul-1994,202.21
yy Date: 18-May-2002,398.58
yy Date: 21-Jul-2018,128.76
y| LCO |,57.625
{ 7 | INVOICE,55.0
"{ Hy, y INVOICE",4.94
"{ SF, Vo INVOICE",8.92
{01 Mara Overpass,67.96
{0619 Dana Valo Suit 124,42.68
{420 Nguyen Freeway Suite $17,14.35
{48 bel Ridge,88.83
{5216 Bishop function Suite 210,79.07
{6521 Kevin Crscont Apt. 258,37.86
| LCO jj,45.97
| LS,43.53
~ Tel:+(018)308-1629,36.06
"~ Tel:+(075)400-2405,",50.83
~ Tel:+(171)220-7076,23.43
~ Tel:+(187)244-9414,36.56
~ Tel:+(218)153-5318,56.36
~ Tel:+(284)995-6331,64.47
~ Tel:+(326)873-0312,52.43
"~ Tel:+(343)536-5915,",38.56
~ Tel:+(346)866-8523,84.14
"~ Tel:+(392)018-8705,",58.72
"~ Tel:+(543)798-8865,",18.97
~ Tel:+(555)465-5892,5.06
~ Tel:+(561)665-9110,61.15
~ Tel:+(636)084-8126,15.91
"~ Tel:+(742)713-4533,",3.59
~ Tel:+(760)297-3930,48.45
~ Tel:+(805)425-7541,90.22
"~ Tel:+(818)272-3945,",6.46
~ Tel:+(884)419-5499,66.14
~ Tel:+(890)073-8096,89.56
~ Tel:+(987)597-1576,33.93
£02 Anderson Way,40.85
£48 Gordon Center Suite 622,89.7
—,4.0
——,3.0
‘Adress:6030 Wille Shores Suite 954 Gh ean een,86.78
‘Adress:6030 Wille Shores Suite 954 La a,71.85
‘Adress:6030 Wille Shores Suite 954 TasReATE RNC,84.71
‘Adress:6030 Wille Shores Suite 954 Tats(197 584-0268,61.87
"‘Adress:6030 Wille Shores Suite 954 Tats(7511419-3200_ ,",68.14
"‘Adress:6030 Wille Shores Suite 954 Tats(agp70-t248 ,",87.2
"‘Adress:6030 Wille Shores Suite 954 Tats(oo7317-8728 ,",55.39
‘Adress:6030 Wille Shores Suite 954 TatsiQ0aN7e-7612,88.13
‘Adress:6030 Wille Shores Suite 954 Tene,34.79
‘Adress:6030 Wille Shores Suite 954 Tets(ranyoansti2,22.75
‘Adress:6030 Wille Shores Suite 954 Tets221)860-0670,71.1
‘Adress:6030 Wille Shores Suite 954 Tocs(teago7tett,42.75
‘Adress:6030 Wille Shores Suite 954 Toks(6421256-5479,7.18
"‘Adress:6030 Wille Shores Suite 954 Tols(929)0814897 ,",88.65
‘Adress:6030 Wille Shores Suite 954 Tols(S6ON98-6873,33.52
‘Adress:6030 Wille Shores Suite 954 Tols4s6701-8865,70.07
‘Adress:6030 Wille Shores Suite 954 Tot(seoy7e22202,56.2
‘Adress:6030 Wille Shores Suite 954 Tota4oy76t-2878,98.15
‘Adress:6030 Wille Shores Suite 954 Tots(005482-1455,61.26
‘Adress:6030 Wille Shores Suite 954 Tots(140}07-8881,7.31
‘Adress:6030 Wille Shores Suite 954 Tots(1467046703,77.18
‘Adress:6030 Wille Shores Suite 954 Tots(180)5144558,5.62
‘Adress:6030 Wille Shores Suite 954 Tots(2011400-2958,15.58
‘Adress:6030 Wille Shores Suite 954 Tots(295)011-2486,46.68
‘Adress:6030 Wille Shores Suite 954 Tots(4eey7e-04s,88.24
‘Adress:6030 Wille Shores Suite 954 Tots(600}866774,86.68
‘Adress:6030 Wille Shores Suite 954 Tots(6151697-2087,79.93
‘Adress:6030 Wille Shores Suite 954 Tots(619)06-7462,69.12
‘Adress:6030 Wille Shores Suite 954 Tots(6542763175,46.84
‘Adress:6030 Wille Shores Suite 954 Tots(9601762-7700,97.45
"‘Adress:6030 Wille Shores Suite 954 Tots(@s0)211-9058 ,",85.93
‘Adress:6030 Wille Shores Suite 954 Tots(O76N51-S971,38.11
‘Adress:6030 Wille Shores Suite 954 Tots(sen214-s620,5.43
‘Adress:6030 Wille Shores Suite 954 Tots(ts0y771-9970,78.61
‘Adress:6030 Wille Shores Suite 954 Tots9tt222967,34.8
‘Adress:6030 Wille Shores Suite 954 Totsa7g 00-8219,82.22
‘Adress:6030 Wille Shores Suite 954 Totsi244y709810,8.41
‘Adress:6030 Wille Shores Suite 954 a ha,33.17
‘Adress:6030 Wille Shores Suite 954 ac ae,11.03
‘Adress:6030 Wille Shores Suite 954 ee aac ee,59.81
‘Adress:6030 Wille Shores Suite 954 ne <i,93.12
‘ess: Wile Shores Sule 254 TOMA9SE06-4001,48.32
‘ess: Wile Shores Sule 254 Teoerizz-s2t4,16.04
‘ess: Wile Shores Sule 254 Tle @96)49 257 ;,87.22
‘ess: Wile Shores Sule 254 ToMPSTIGTS 6200,7.06
‘ess: Wile Shores Sule 254 Toe 67S]606 4424 ;,82.24
